"Taxon","pval","qval","lfc"
"UniRef90_A0A2B7YS72",0.0134802060472127,1,0.797267109334401
"UniRef90_A0A2C6C3I1",0.00492382947790904,0.846898670200355,-1.56351485135454
"UniRef90_A5TV72",0.00371397496618763,0.646231644116647,1.28603081434685
"UniRef90_D3IKU4",0.0454106834000557,1,1.07182920061687
"UniRef90_E0DE64",0.0378741585047557,1,-1.19848705437642
"UniRef90_F2UVA9",0.0214208694064993,1,-1.19138034627844
"UniRef90_J0XE44",0.0476694715443529,1,-1.22313642883723
"UniRef90_W2CTG9",0.00478186576633966,0.82726277757676,-1.12323279768355
"UniRef90_W2VDD7",0.0087465440567438,1,0.91156695924674
