"Taxon","pval","qval","lfc"
"UniRef90_G9ZCM6",0.0378868904022639,1,0.494227529668263
"UniRef90_A0A2C6C3I1",0.0148162587582457,1,-1.29897676150323
"UniRef90_A5TV72",0.0199498106629133,1,1.1757778588015
"UniRef90_D3QZD1",0.0037818108395521,0.442471868227596,1.07323896005932
"UniRef90_E6LLD9",0.0383909182471324,1,0.635874371714289
"UniRef90_J6HZ39",0.0250110706985729,1,-1.38621847127171
"UniRef90_W2VDD7",0.000370886177410204,0.0437645689344041,1.11319339282249
