"Taxon","pval","qval","lfc"
"UniRef90_J5VG22",0.0115141132782952,1,-0.668896626509123
"UniRef90_A0A0X8JSY8",0.0153630436641899,1,1.53905761047722
"UniRef90_A0A2N6TLH8",0.00574012223246595,0.631413445571255,2.02652115496922
"UniRef90_A5TVF0",0.0153627894954741,1,-0.716542851540398
"UniRef90_C9MZK9",0.0271301462977824,1,-0.658473536519439
"UniRef90_S2ZQS1",0.0381361235211485,1,0.967873356801631
"UniRef90_U1SAA0",0.0441878776385818,1,0.893686108614492
"UniRef90_U2R2D9",0.00564599050073297,0.626704945581359,-1.16941052348591
"UniRef90_X8HWZ7",0.0368780178645023,1,-0.686028948681265
