"Taxon","pval","qval","lfc"
"UniRef90_A0A2N6TFM9",0.0145140815175266,1,-0.968285761202501
"UniRef90_A0A0S2ZM78",0.000107111624939665,0.0101756043692681,2.40161249252614
"UniRef90_A0A1Q8WM28",0.0332068027739383,1,-0.93222762814362
"UniRef90_A0A2N6TLH8",0.00495984296260938,0.451345709597454,2.93323866080243
"UniRef90_C9MZK9",0.000639035334707876,0.0600693214625404,-1.04162248476661
"UniRef90_E0DHI2",0.0253704774353168,1,-1.1297652369746
"UniRef90_E6LLD9",0.00986404536614898,0.858171946854961,-0.925873246605039
"UniRef90_L1P8R8",0.00662098378976698,0.589267557289261,1.22221855653867
"UniRef90_L1PKY8",0.00591563564861837,0.532407208375653,1.41539862193518
"UniRef90_S2ZQS1",0.0376283337660366,1,2.03913134200682
"UniRef90_U2IFD3",0.0380392447647376,1,1.68608544523267
"UniRef90_U2RAS2",0.00757844901475361,0.666903513298318,2.2031934428821
"UniRef90_UPI0007E347B6",0.00459843460544454,0.423055983700897,-0.924918307215066
"UniRef90_X8HWZ7",0.00366415430854602,0.34076635069478,-0.936064006106694
