"Taxon","pval","qval","lfc"
"UniRef90_H1LUP6",5.23814167706386e-05,0.0100572320199626,-2.48589934591002
"UniRef90_UPI0009F88094",0.00242919264873878,0.461546603260367,-1.81813612197775
"UniRef90_A0A241Q1Z2",0.0091686135430233,1,2.06058198400944
"UniRef90_A0A241Q4K7",0.0054861592975426,1,3.37032995137586
"UniRef90_A0A250F9F0",0.00857161990842881,1,-1.84273259990366
"UniRef90_A0A2N6TM57",0.00718255431152453,1,2.84372468744611
"UniRef90_C7M709",0.0095062505269677,1,-1.96898110849661
"UniRef90_D3QZD1",0.0102382624920251,1,-2.50339680960116
"UniRef90_E0DE94",0.0127780056781258,1,-1.8037078505625
"UniRef90_E7RY83",0.000472748258818057,0.0902949174342489,-2.76271529074071
"UniRef90_F0IAB6",0.00328794354861525,0.620954507134993,-1.33411200915713
"UniRef90_F2UVA9",0.0438143999425251,1,-2.09913716147323
"UniRef90_G6AGG7",0.00454031299008057,0.849038529145067,-1.6816169215201
"UniRef90_K0XIQ7",0.00562782560633204,1,-1.79319022058123
"UniRef90_L1PMK0",0.0138269105513341,1,-2.00547997752197
"UniRef90_L1PSR8",0.00822860955176089,1,-1.95484730992341
"UniRef90_U1QP00",0.00328547358272483,0.620954507134993,-2.92804854818248
"UniRef90_U2CAK8",0.00556390455319042,1,-1.3954383049092
"UniRef90_U2LXT4",0.0106438856269885,1,-1.68158609811178
"UniRef90_U2R2D9",0.0303994982177019,1,1.92399045831363
"UniRef90_U2SSM5",0.0107766496414623,1,-2.05567441053197
"UniRef90_U2T0U2",0.0126491610160416,1,-2.10493179274826
"UniRef90_W2VDD7",0.00662307955075544,1,-2.11657678278927
